{"proxies":{"ti.modules.titanium.paint.PaintModule":{"superPackageName":"org.appcelerator.kroll","superProxyBindingClassName":"org.appcelerator.kroll.KrollModuleBindingGen","proxyClassName":"PaintModule","proxyAttrs":{"propertyAccessors":[],"fullAPIName":"Paint","name":"Paint","proxyClassName":"ti.modules.titanium.paint.PaintModule","isTopLevel":false,"id":"ti.paint"},"packageName":"ti.modules.titanium.paint","sourceName":"ti.modules.titanium.paint.PaintModuleBindingGen","isTitaniumSdk":false,"superProxyClassName":"KrollModule","isModule":true,"genClassName":"PaintModuleBindingGen"},"ti.modules.titanium.paint.PaintViewProxy":{"superPackageName":"org.appcelerator.titanium.proxy","dynamicProperties":{"strokeWidth":{"set":true,"nativeConverter":"org.appcelerator.kroll.KrollConverter","setMethodName":"setStrokeWidth","setMethodArgs":[{"converter":"org.appcelerator.kroll.KrollConverter","defaultValueProvider":"org.appcelerator.kroll.KrollConverter","name":"width","sourceName":"width","type":"java.lang.Object"}],"setDefaultProviders":["org.appcelerator.kroll.KrollConverter"],"converter":"org.appcelerator.kroll.KrollConverter","defaultValueProvider":"org.appcelerator.kroll.KrollConverter","retain":true,"javascriptConverter":"org.appcelerator.kroll.KrollConverter","getHasInvocation":false,"runOnUiThread":false,"setReturnType":"void","get":false,"name":"strokeWidth","setHasInvocation":false},"image":{"set":true,"nativeConverter":"org.appcelerator.kroll.KrollConverter","setMethodName":"setImage","setMethodArgs":[{"converter":"org.appcelerator.kroll.KrollConverter","defaultValueProvider":"org.appcelerator.kroll.KrollConverter","name":"imagePath","sourceName":"imagePath","type":"java.lang.String"}],"setDefaultProviders":["org.appcelerator.kroll.KrollConverter"],"converter":"org.appcelerator.kroll.KrollConverter","defaultValueProvider":"org.appcelerator.kroll.KrollConverter","retain":true,"javascriptConverter":"org.appcelerator.kroll.KrollConverter","getHasInvocation":false,"runOnUiThread":false,"setReturnType":"void","get":false,"name":"image","setHasInvocation":false},"eraseMode":{"set":true,"nativeConverter":"org.appcelerator.kroll.KrollConverter","setMethodName":"setEraseMode","setMethodArgs":[{"converter":"org.appcelerator.kroll.KrollConverter","defaultValueProvider":"org.appcelerator.kroll.KrollConverter","name":"toggle","sourceName":"toggle","type":"java.lang.Boolean"}],"setDefaultProviders":["org.appcelerator.kroll.KrollConverter"],"converter":"org.appcelerator.kroll.KrollConverter","defaultValueProvider":"org.appcelerator.kroll.KrollConverter","retain":true,"javascriptConverter":"org.appcelerator.kroll.KrollConverter","getHasInvocation":false,"runOnUiThread":false,"setReturnType":"void","get":false,"name":"eraseMode","setHasInvocation":false},"strokeColor":{"set":true,"nativeConverter":"org.appcelerator.kroll.KrollConverter","setMethodName":"setStrokeColor","setMethodArgs":[{"converter":"org.appcelerator.kroll.KrollConverter","defaultValueProvider":"org.appcelerator.kroll.KrollConverter","name":"color","sourceName":"color","type":"java.lang.String"}],"setDefaultProviders":["org.appcelerator.kroll.KrollConverter"],"converter":"org.appcelerator.kroll.KrollConverter","defaultValueProvider":"org.appcelerator.kroll.KrollConverter","retain":true,"javascriptConverter":"org.appcelerator.kroll.KrollConverter","getHasInvocation":false,"runOnUiThread":false,"setReturnType":"void","get":false,"name":"strokeColor","setHasInvocation":false},"strokeAlpha":{"set":true,"nativeConverter":"org.appcelerator.kroll.KrollConverter","setMethodName":"setStrokeAlpha","setMethodArgs":[{"converter":"org.appcelerator.kroll.KrollConverter","defaultValueProvider":"org.appcelerator.kroll.KrollConverter","name":"alpha","sourceName":"alpha","type":"int"}],"setDefaultProviders":["org.appcelerator.kroll.KrollConverter"],"converter":"org.appcelerator.kroll.KrollConverter","defaultValueProvider":"org.appcelerator.kroll.KrollConverter","retain":true,"javascriptConverter":"org.appcelerator.kroll.KrollConverter","getHasInvocation":false,"runOnUiThread":false,"setReturnType":"void","get":false,"name":"strokeAlpha","setHasInvocation":false}},"methods":{"resumePlayback":{"runOnUiThread":false,"hasInvocation":false,"args":[],"apiName":"resumePlayback","converter":"org.appcelerator.kroll.KrollConverter","defaultValueProvider":"org.appcelerator.kroll.KrollConverter","name":"__default_name__","returnType":"void"},"clear":{"runOnUiThread":false,"hasInvocation":false,"args":[],"apiName":"clear","converter":"org.appcelerator.kroll.KrollConverter","defaultValueProvider":"org.appcelerator.kroll.KrollConverter","name":"__default_name__","returnType":"void"},"setPlaybackSpeed":{"runOnUiThread":false,"hasInvocation":false,"args":[{"converter":"org.appcelerator.kroll.KrollConverter","defaultValueProvider":"org.appcelerator.kroll.KrollConverter","name":"speed","sourceName":"speed","type":"float"}],"apiName":"setPlaybackSpeed","converter":"org.appcelerator.kroll.KrollConverter","defaultValueProvider":"org.appcelerator.kroll.KrollConverter","name":"__default_name__","returnType":"void"},"lineTo":{"runOnUiThread":false,"hasInvocation":false,"args":[{"converter":"org.appcelerator.kroll.KrollConverter","defaultValueProvider":"org.appcelerator.kroll.KrollConverter","name":"x","sourceName":"x","type":"int"},{"converter":"org.appcelerator.kroll.KrollConverter","defaultValueProvider":"org.appcelerator.kroll.KrollConverter","name":"y","sourceName":"y","type":"int"}],"apiName":"lineTo","converter":"org.appcelerator.kroll.KrollConverter","defaultValueProvider":"org.appcelerator.kroll.KrollConverter","name":"__default_name__","returnType":"void"},"redo":{"runOnUiThread":false,"hasInvocation":false,"args":[],"apiName":"redo","converter":"org.appcelerator.kroll.KrollConverter","defaultValueProvider":"org.appcelerator.kroll.KrollConverter","name":"__default_name__","returnType":"void"},"stopPlayback":{"runOnUiThread":false,"hasInvocation":false,"args":[],"apiName":"stopPlayback","converter":"org.appcelerator.kroll.KrollConverter","defaultValueProvider":"org.appcelerator.kroll.KrollConverter","name":"__default_name__","returnType":"void"},"getStrokesData":{"runOnUiThread":false,"hasInvocation":false,"args":[],"apiName":"getStrokesData","converter":"org.appcelerator.kroll.KrollConverter","defaultValueProvider":"org.appcelerator.kroll.KrollConverter","name":"__default_name__","returnType":"java.lang.Object[]"},"undo":{"runOnUiThread":false,"hasInvocation":false,"args":[],"apiName":"undo","converter":"org.appcelerator.kroll.KrollConverter","defaultValueProvider":"org.appcelerator.kroll.KrollConverter","name":"__default_name__","returnType":"void"},"pausePlayback":{"runOnUiThread":false,"hasInvocation":false,"args":[],"apiName":"pausePlayback","converter":"org.appcelerator.kroll.KrollConverter","defaultValueProvider":"org.appcelerator.kroll.KrollConverter","name":"__default_name__","returnType":"void"},"getPlaybackProgress":{"runOnUiThread":false,"hasInvocation":false,"args":[],"apiName":"getPlaybackProgress","converter":"org.appcelerator.kroll.KrollConverter","defaultValueProvider":"org.appcelerator.kroll.KrollConverter","name":"__default_name__","returnType":"float"},"enable":{"runOnUiThread":false,"hasInvocation":false,"args":[{"converter":"org.appcelerator.kroll.KrollConverter","defaultValueProvider":"org.appcelerator.kroll.KrollConverter","name":"enable","sourceName":"enable","type":"boolean"}],"apiName":"enable","converter":"org.appcelerator.kroll.KrollConverter","defaultValueProvider":"org.appcelerator.kroll.KrollConverter","name":"__default_name__","returnType":"void"},"playbackDrawing":{"runOnUiThread":false,"hasInvocation":false,"args":[{"converter":"org.appcelerator.kroll.KrollConverter","defaultValueProvider":"org.appcelerator.kroll.KrollConverter","name":"durationSeconds","sourceName":"durationSeconds","type":"float"}],"apiName":"playbackDrawing","converter":"org.appcelerator.kroll.KrollConverter","defaultValueProvider":"org.appcelerator.kroll.KrollConverter","name":"__default_name__","returnType":"void"},"loadStrokes":{"runOnUiThread":false,"hasInvocation":false,"args":[{"converter":"org.appcelerator.kroll.KrollConverter","defaultValueProvider":"org.appcelerator.kroll.KrollConverter","name":"strokesData","sourceName":"strokesData","type":"java.lang.Object[]"}],"apiName":"loadStrokes","converter":"org.appcelerator.kroll.KrollConverter","defaultValueProvider":"org.appcelerator.kroll.KrollConverter","name":"__default_name__","returnType":"void"},"moveTo":{"runOnUiThread":false,"hasInvocation":false,"args":[{"converter":"org.appcelerator.kroll.KrollConverter","defaultValueProvider":"org.appcelerator.kroll.KrollConverter","name":"x","sourceName":"x","type":"int"},{"converter":"org.appcelerator.kroll.KrollConverter","defaultValueProvider":"org.appcelerator.kroll.KrollConverter","name":"y","sourceName":"y","type":"int"}],"apiName":"moveTo","converter":"org.appcelerator.kroll.KrollConverter","defaultValueProvider":"org.appcelerator.kroll.KrollConverter","name":"__default_name__","returnType":"void"}},"superProxyBindingClassName":"org.appcelerator.titanium.proxy.TiViewProxyBindingGen","proxyClassName":"PaintViewProxy","proxyAttrs":{"propertyAccessors":[],"fullAPIName":"Paint.PaintView","name":"PaintView","proxyClassName":"ti.modules.titanium.paint.PaintViewProxy","isTopLevel":false,"id":"ti.modules.titanium.paint.PaintViewProxy","creatableInModule":"ti.modules.titanium.paint.PaintModule","parentModule":"org.appcelerator.kroll.annotations.Kroll.DEFAULT"},"packageName":"ti.modules.titanium.paint","sourceName":"ti.modules.titanium.paint.PaintViewProxyBindingGen","isTitaniumSdk":false,"superProxyClassName":"TiViewProxy","isModule":false,"genClassName":"PaintViewProxyBindingGen"}},"modules":{"ti.modules.titanium.paint.PaintModule":{"apiName":"Paint","createProxies":[{"propertyAccessors":[],"fullAPIName":"Paint.PaintView","name":"PaintView","proxyClassName":"ti.modules.titanium.paint.PaintViewProxy","isTopLevel":false,"id":"ti.modules.titanium.paint.PaintViewProxy","creatableInModule":"ti.modules.titanium.paint.PaintModule","parentModule":"org.appcelerator.kroll.annotations.Kroll.DEFAULT"}]}}}